{"Training time": 52.27803707122803, "Inference latency": 0.00015831543326653917, "Training RMSE": 103.3889389038086, "Training R2 score": 0.327323317527771, "Validation RMSE": 105.61675262451172, "Validation R2 score": 0.3496232032775879, "Test RMSE": 97.97612762451172, "Test R2 score": 0.3946421146392822}