{"Training time": 51.283141136169434, "Inference latency": 0.00014479182522188281, "Training RMSE": 97.19493865966797, "Training R2 score": 0.40550869703292847, "Validation RMSE": 108.9744644165039, "Validation R2 score": 0.3076130747795105, "Test RMSE": 99.63533782958984, "Test R2 score": 0.37396520376205444}