{"Training time": 54.97819185256958, "Inference latency": 0.00018732267334145626, "Training RMSE": 126.0582046508789, "Training R2 score": -1.0728836059570312e-06, "Validation RMSE": 131.01690673828125, "Validation R2 score": -0.0008156299591064453, "Test RMSE": 125.9263687133789, "Test R2 score": -1.1563301086425781e-05}