{"Training time": 58.27390217781067, "Inference latency": 0.00019495414064713012, "Training RMSE": 126.05829620361328, "Training R2 score": -2.5033950805664062e-06, "Validation RMSE": 131.02613830566406, "Validation R2 score": -0.0009566545486450195, "Test RMSE": 125.92569732666016, "Test R2 score": -8.344650268554688e-07}