{"Training time": 104.83391690254211, "Inference latency": 0.00022555826594727407, "Training RMSE": 103.9636001586914, "Training R2 score": 0.3198246955871582, "Validation RMSE": 107.69039154052734, "Validation R2 score": 0.32383406162261963, "Test RMSE": 100.15422821044922, "Test R2 score": 0.3674277067184448}