{"Training time": 10.456112146377563, "Inference latency": 0.00010172445380110363, "Training RMSE": 105.09800720214844, "Training R2 score": 0.3049001097679138, "Validation RMSE": 111.72923278808594, "Validation R2 score": 0.27216488122940063, "Test RMSE": 102.20610809326172, "Test R2 score": 0.34124284982681274}