{"Training time": 56.20299410820007, "Inference latency": 0.00012882773398390957, "Training RMSE": 104.82485961914062, "Training R2 score": 0.30850857496261597, "Validation RMSE": 110.43294525146484, "Validation R2 score": 0.2889556288719177, "Test RMSE": 101.39611053466797, "Test R2 score": 0.35164302587509155}