{"Training time": 73.50204277038574, "Inference latency": 0.00025407741362812086, "Training RMSE": 126.05827331542969, "Training R2 score": -2.1457672119140625e-06, "Validation RMSE": 131.02561950683594, "Validation R2 score": -0.000948786735534668, "Test RMSE": 125.92572784423828, "Test R2 score": -1.1920928955078125e-06}