{"Training time": 10.800121068954468, "Inference latency": 9.329771978563039e-05, "Training RMSE": 105.4131088256836, "Training R2 score": 0.30072587728500366, "Validation RMSE": 113.35965728759766, "Validation R2 score": 0.2507678270339966, "Test RMSE": 103.21732330322266, "Test R2 score": 0.32814306020736694}