{"Training time": 67.10332202911377, "Inference latency": 0.00023733799156608565, "Training RMSE": 126.05950927734375, "Training R2 score": -2.181529998779297e-05, "Validation RMSE": 131.00486755371094, "Validation R2 score": -0.0006316900253295898, "Test RMSE": 125.92887115478516, "Test R2 score": -5.125999450683594e-05}