{"Training time": 71.0024631023407, "Inference latency": 0.0002105028705281133, "Training RMSE": 101.00730895996094, "Training R2 score": 0.3579574227333069, "Validation RMSE": 106.03619384765625, "Validation R2 score": 0.3444473147392273, "Test RMSE": 98.3353500366211, "Test R2 score": 0.39019495248794556}