{"Training time": 86.02382397651672, "Inference latency": 0.00023380796475393746, "Training RMSE": 126.05826568603516, "Training R2 score": -2.0265579223632812e-06, "Validation RMSE": 131.02536010742188, "Validation R2 score": -0.0009447336196899414, "Test RMSE": 125.92572784423828, "Test R2 score": -1.3113021850585938e-06}