{"Training time": 12.500010013580322, "Inference latency": 0.00016008493652370915, "Training RMSE": 127.0831527709961, "Training R2 score": -0.01632869243621826, "Validation RMSE": 132.4761505126953, "Validation R2 score": -0.023233532905578613, "Test RMSE": 126.9122085571289, "Test R2 score": -0.01573026180267334}