{"Training time": 70.702388048172, "Inference latency": 0.00029140054687930994, "Training RMSE": 147.85951232910156, "Training R2 score": -0.3758049011230469, "Validation RMSE": 154.05752563476562, "Validation R2 score": -0.38377416133880615, "Test RMSE": 147.582275390625, "Test R2 score": -0.37353599071502686}