{"Training time": 57.83552098274231, "Inference latency": 0.00016510330260411702, "Training RMSE": 126.05829620361328, "Training R2 score": -2.5033950805664062e-06, "Validation RMSE": 131.0261993408203, "Validation R2 score": -0.0009576082229614258, "Test RMSE": 125.92570495605469, "Test R2 score": -8.344650268554688e-07}