{"Training time": 10.49611496925354, "Inference latency": 7.485235348725982e-05, "Training RMSE": 103.97174835205078, "Training R2 score": 0.31971800327301025, "Validation RMSE": 108.04432678222656, "Validation R2 score": 0.3193821907043457, "Test RMSE": 101.20661163330078, "Test R2 score": 0.3540641665458679}