{"Training time": 58.7659010887146, "Inference latency": 0.00019822628743839082, "Training RMSE": 126.05826568603516, "Training R2 score": -2.0265579223632812e-06, "Validation RMSE": 131.0255584716797, "Validation R2 score": -0.0009478330612182617, "Test RMSE": 125.92571258544922, "Test R2 score": -1.0728836059570312e-06}