{"Training time": 70.59486198425293, "Inference latency": 0.00028097476741905704, "Training RMSE": 126.05833435058594, "Training R2 score": -3.2186508178710938e-06, "Validation RMSE": 131.02691650390625, "Validation R2 score": -0.0009686946868896484, "Test RMSE": 125.92567443847656, "Test R2 score": -4.76837158203125e-07}