{"Training RMSE": 98.5106835278793, "Training R2 score": 0.38930427972853143, "Validation RMSE": 99.58349222370313, "Validation R2 score": 0.42180533839744816, "Test RMSE": 95.27135408367573, "Test R2 score": 0.4276043672399835}