{"Validation RMSE mean": 101.20082679423749, "Validation RMSE variance": 146.21003389425977, "Validation RMSE min": 76.96090723204517, "Validation RMSE max": 128.91576602075958}