{"Training RMSE": {"count": 1000.0, "mean": 96.81827847872782, "std": 4.813869500439887, "min": 81.85055835484734, "25%": 93.6684309326986, "50%": 96.94158019610052, "75%": 100.21520234498051, "max": 109.33687314686263}, "Training R2 score": {"count": 1000.0, "mean": 0.41886828030067397, "std": 0.03325459009201821, "min": 0.311221861325932, "25%": 0.39624637542552843, "50%": 0.4191856210461678, "75%": 0.44361810643097277, "max": 0.5225608744320535}, "Validation RMSE": {"count": 1000.0, "mean": 100.25513985699762, "std": 11.708109045952037, "min": 63.37162314105215, "25%": 92.20869081873815, "50%": 100.04938127091698, "75%": 108.38828694846583, "max": 140.07006461827967}, "Validation R2 score": {"count": 1000.0, "mean": 0.33763240512930565, "std": 0.11239591523171678, "min": -0.27683000199591556, "25%": 0.282247916886515, "50%": 0.35622969309071695, "75%": 0.41512287311606244, "max": 0.583227251836024}, "Test RMSE": {"count": 1000.0, "mean": 100.98750051287954, "std": 11.974285912639532, "min": 63.54086044043922, "25%": 92.65101465619081, "50%": 100.78333397163516, "75%": 108.52922192241175, "max": 142.00038675169054}, "Test R2 score": {"count": 1000.0, "mean": 0.3440279569668389, "std": 0.10361656604201908, "min": -0.16589528647540575, "25%": 0.2877610925134735, "50%": 0.36018710216634026, "75%": 0.4201912243556723, "max": 0.5995950933561582}}