{"Training time": 46.88629913330078, "Inference latency": 0.00011496134705872005, "Training RMSE": 104.28430938720703, "Training R2 score": 0.3156217932701111, "Validation RMSE": 110.49684143066406, "Validation R2 score": 0.28813260793685913, "Test RMSE": 101.20489501953125, "Test R2 score": 0.3540860414505005}