{"Training time": 13.3944251537323, "Inference latency": 0.0001770153938874906, "Training RMSE": 100.56461334228516, "Training R2 score": 0.36357295513153076, "Validation RMSE": 109.14713287353516, "Validation R2 score": 0.30541712045669556, "Test RMSE": 110.78034973144531, "Test R2 score": 0.22607815265655518}