{"Training accuracy score": 0.48314606741573035, "Training precision score": 0.5342985968123236, "Training recall score": 0.4483938417472252, "Training F1 score": 0.4284687023649207, "Validation accuracy score": 0.34269662921348315, "Validation precision score": 0.3645572966634687, "Validation recall score": 0.355381439252407, "Validation F1 score": 0.3048629055412001, "Test accuracy score:": 0.3651685393258427, "Test precision score": 0.44826627620745263, "Test recall score score": 0.348010425457234, "Test F1 score": 0.3178713603353184}