{"Training accuracy score": {"count": 1000.0, "mean": 0.5907228464419475, "std": 0.018040609120868474, "min": 0.5355805243445693, "25%": 0.5786516853932584, "50%": 0.5898876404494382, "75%": 0.602996254681648, "max": 0.6554307116104869}, "Training precision score": {"count": 1000.0, "mean": 0.63067906298929, "std": 0.020678909554211363, "min": 0.5593215579682368, "25%": 0.6173181742448375, "50%": 0.6311249507438601, "75%": 0.6444549320650654, "max": 0.6937129580110961}, "Training recall score": {"count": 1000.0, "mean": 0.5771937648628505, "std": 0.02105660702844046, "min": 0.5114401080572032, "25%": 0.5632092534675307, "50%": 0.5778036706262051, "75%": 0.5914149995847825, "max": 0.6565567596937825}, "Training F1 score": {"count": 1000.0, "mean": 0.5795601081833015, "std": 0.0225367597699396, "min": 0.4972129941751242, "25%": 0.5645735223220539, "50%": 0.5803858885433792, "75%": 0.5953046071209311, "max": 0.65787693540134}, "Validation accuracy score": {"count": 1000.0, "mean": 0.373876404494382, "std": 0.03362317043244554, "min": 0.2640449438202247, "25%": 0.3539325842696629, "50%": 0.37640449438202245, "75%": 0.398876404494382, "max": 0.48314606741573035}, "Validation precision score": {"count": 1000.0, "mean": 0.37141313327266634, "std": 0.043321892946915685, "min": 0.23424022957233462, "25%": 0.3409373168302996, "50%": 0.37175582554805636, "75%": 0.40002296425864775, "max": 0.52}, "Validation recall score": {"count": 1000.0, "mean": 0.36230920745322587, "std": 0.03213153579354526, "min": 0.2654266239632093, "25%": 0.3403068183244477, "50%": 0.36184385907439914, "75%": 0.38471409316986527, "max": 0.45008907758907757}, "Validation F1 score": {"count": 1000.0, "mean": 0.34246808164777737, "std": 0.034385326806637403, "min": 0.23556477752964416, "25%": 0.3191837076730546, "50%": 0.34264620245533167, "75%": 0.36551882735907654, "max": 0.45354800431499465}, "Test accuracy score:": {"count": 1000.0, "mean": 0.3723370786516854, "std": 0.03306238649369292, "min": 0.25842696629213485, "25%": 0.34831460674157305, "50%": 0.3707865168539326, "75%": 0.39325842696629215, "max": 0.5112359550561798}, "Test precision score": {"count": 1000.0, "mean": 0.3704854065547413, "std": 0.04402832597990312, "min": 0.21629041248606465, "25%": 0.3401335708196322, "50%": 0.3690584605180878, "75%": 0.3986643984925436, "max": 0.561486748545572}, "Test recall score score": {"count": 1000.0, "mean": 0.3610803172807059, "std": 0.032052305777734214, "min": 0.23878787878787877, "25%": 0.3393335199203569, "50%": 0.360794263761369, "75%": 0.38146243756834175, "max": 0.49423740510697034}, "Test F1 score": {"count": 1000.0, "mean": 0.34104684938456653, "std": 0.03486938146773487, "min": 0.2163359593992505, "25%": 0.3171243915987023, "50%": 0.34032370314033666, "75%": 0.3638313366357465, "max": 0.49759861759861757}}