{"Training time": 13.956836223602295, "Inference latency": 0.00018700271675050156, "Training RMSE": 107.87811279296875, "Training R2 score": 0.2676394581794739, "Validation RMSE": 112.53248596191406, "Validation R2 score": 0.26166200637817383, "Test RMSE": 102.1593017578125, "Test R2 score": 0.3418461084365845}