{"Training time": 12.799047946929932, "Inference latency": 0.00015197297361841216, "Training RMSE": 102.86083221435547, "Training R2 score": 0.33417773246765137, "Validation RMSE": 107.68341064453125, "Validation R2 score": 0.32392168045043945, "Test RMSE": 100.1594009399414, "Test R2 score": 0.36736226081848145}