{"Training time": 52.4046471118927, "Inference latency": 0.00017909791857105003, "Training RMSE": 94.11725616455078, "Training R2 score": 0.4425617456436157, "Validation RMSE": 127.61038970947266, "Validation R2 score": 0.050551414489746094, "Test RMSE": 107.00077056884766, "Test R2 score": 0.2779862880706787}