{"Training time": 12.034467935562134, "Inference latency": 0.00014512913773881734, "Training RMSE": 127.0783920288086, "Training R2 score": -0.016252517700195312, "Validation RMSE": 132.47047424316406, "Validation R2 score": -0.02314591407775879, "Test RMSE": 126.90751647949219, "Test R2 score": -0.0156552791595459}