{"Training time": 74.38994884490967, "Inference latency": 0.00024151166789461277, "Training RMSE": 112.22562408447266, "Training R2 score": 0.20742148160934448, "Validation RMSE": 127.5400161743164, "Validation R2 score": 0.05159837007522583, "Test RMSE": 114.61077117919922, "Test R2 score": 0.1716335415840149}