{"Training time": 53.25763201713562, "Inference latency": 0.00012743472345547118, "Training RMSE": 104.30416107177734, "Training R2 score": 0.3153612017631531, "Validation RMSE": 111.0888671875, "Validation R2 score": 0.28048402070999146, "Test RMSE": 101.9434814453125, "Test R2 score": 0.34462404251098633}