{"Training time": 11.470860004425049, "Inference latency": 0.00011570182790783328, "Training RMSE": 127.07200622558594, "Training R2 score": -0.016150355339050293, "Validation RMSE": 132.46287536621094, "Validation R2 score": -0.02302861213684082, "Test RMSE": 126.9012451171875, "Test R2 score": -0.01555478572845459}