{"Training time": 99.98678970336914, "Inference latency": 0.0003315255335053415, "Training RMSE": 94.51624298095703, "Training R2 score": 0.4378255009651184, "Validation RMSE": 106.63616943359375, "Validation R2 score": 0.3370077610015869, "Test RMSE": 100.09745788574219, "Test R2 score": 0.36814457178115845}