{"Training accuracy score": 0.40074906367041196, "Training precision score": 0.303125217243551, "Training recall score": 0.3668170426065163, "Training F1 score": 0.32727473284896696, "Validation accuracy score": 0.2752808988764045, "Validation precision score": 0.21286836860730332, "Validation recall score": 0.28848288590224075, "Validation F1 score": 0.23596263501923875, "Test accuracy score:": 0.29775280898876405, "Test precision score": 0.22784529505582135, "Test recall score score": 0.2874874100406015, "Test F1 score": 0.2517718376206105}