{"Training accuracy score": {"count": 1000.0, "mean": 0.5536685393258426, "std": 0.02232731820904608, "min": 0.4812734082397004, "25%": 0.5393258426966292, "50%": 0.5543071161048689, "75%": 0.5692883895131086, "max": 0.6161048689138576}, "Training precision score": {"count": 1000.0, "mean": 0.5963363753792137, "std": 0.028724709200036842, "min": 0.5131751628643302, "25%": 0.5785247928521753, "50%": 0.5958432954231587, "75%": 0.6158682124137852, "max": 0.6852607590694453}, "Training recall score": {"count": 1000.0, "mean": 0.5451338096696411, "std": 0.02344138284283174, "min": 0.4630534033327473, "25%": 0.5298302818940916, "50%": 0.5464006738116691, "75%": 0.5615158908654012, "max": 0.6126417568275307}, "Training F1 score": {"count": 1000.0, "mean": 0.548847638171952, "std": 0.024136126566363637, "min": 0.45535323233515185, "25%": 0.5331073954997502, "50%": 0.5510074636950177, "75%": 0.5652973429568766, "max": 0.613144723978551}, "Validation accuracy score": {"count": 1000.0, "mean": 0.32921910112359554, "std": 0.03417319254540175, "min": 0.21910112359550563, "25%": 0.30758426966292135, "50%": 0.33146067415730335, "75%": 0.3539325842696629, "max": 0.43258426966292135}, "Validation precision score": {"count": 1000.0, "mean": 0.33094231533342583, "std": 0.0398137989527122, "min": 0.21959706959706962, "25%": 0.30466219348738144, "50%": 0.3289691055307754, "75%": 0.3567720013861342, "max": 0.48113207547169806}, "Validation recall score": {"count": 1000.0, "mean": 0.32360740747068967, "std": 0.03316086950968261, "min": 0.22181284545414984, "25%": 0.3004035210734846, "50%": 0.3235487022011162, "75%": 0.34678470235186215, "max": 0.4138394892840857}, "Validation F1 score": {"count": 1000.0, "mean": 0.3101901612393514, "std": 0.034740647923796344, "min": 0.20319577087756419, "25%": 0.28688235084434754, "50%": 0.3100296715985914, "75%": 0.33328221736119135, "max": 0.41041970397015265}, "Test accuracy score:": {"count": 1000.0, "mean": 0.33014044943820225, "std": 0.03375739847502422, "min": 0.2247191011235955, "25%": 0.3089887640449438, "50%": 0.33146067415730335, "75%": 0.3539325842696629, "max": 0.43820224719101125}, "Test precision score": {"count": 1000.0, "mean": 0.33074760741718345, "std": 0.04019031983132707, "min": 0.20888871466978287, "25%": 0.30330236843534714, "50%": 0.3305713649096002, "75%": 0.3576124675181038, "max": 0.46761265909872723}, "Test recall score score": {"count": 1000.0, "mean": 0.3240247410566385, "std": 0.03305192985776783, "min": 0.2168133020572045, "25%": 0.3023980643112631, "50%": 0.32253697653994656, "75%": 0.3456231541941083, "max": 0.43408058010261197}, "Test F1 score": {"count": 1000.0, "mean": 0.31086126376633616, "std": 0.03472060245561755, "min": 0.2078928827407529, "25%": 0.2875168986502371, "50%": 0.31087294320666803, "75%": 0.3345908508406437, "max": 0.43029273061881756}}