{"Training time": 57.23806405067444, "Inference latency": 0.00012624405957168265, "Training RMSE": 113.58130645751953, "Training R2 score": 0.18815720081329346, "Validation RMSE": 121.3328628540039, "Validation R2 score": 0.14166611433029175, "Test RMSE": 113.07278442382812, "Test R2 score": 0.1937164068222046}