{"Training time": 10.699397802352905, "Inference latency": 9.824445954075596e-05, "Training RMSE": 105.71134185791016, "Training R2 score": 0.29676347970962524, "Validation RMSE": 113.20150756835938, "Validation R2 score": 0.2528568506240845, "Test RMSE": 103.13179779052734, "Test R2 score": 0.32925599813461304}