{"Training time": 12.575629949569702, "Inference latency": 0.00013623584030020972, "Training RMSE": 103.33429718017578, "Training R2 score": 0.32803410291671753, "Validation RMSE": 108.48999786376953, "Validation R2 score": 0.31375569105148315, "Test RMSE": 100.54717254638672, "Test R2 score": 0.36245423555374146}