{"Training time": 12.476774215698242, "Inference latency": 0.00014102921696469993, "Training RMSE": 195.15614318847656, "Training R2 score": -1.39674973487854, "Validation RMSE": 201.2706756591797, "Validation R2 score": -1.361893892288208, "Test RMSE": 194.83042907714844, "Test R2 score": -1.3937852382659912}