{"Training time": 61.5538649559021, "Inference latency": 0.00020003698677360424, "Training RMSE": 126.05990600585938, "Training R2 score": -2.8014183044433594e-05, "Validation RMSE": 131.00228881835938, "Validation R2 score": -0.000592350959777832, "Test RMSE": 125.92947387695312, "Test R2 score": -6.079673767089844e-05}