{"Training time": 67.66462683677673, "Inference latency": 0.0002006284278420036, "Training RMSE": 103.64593505859375, "Training R2 score": 0.32397496700286865, "Validation RMSE": 105.76361846923828, "Validation R2 score": 0.3478132486343384, "Test RMSE": 98.79810333251953, "Test R2 score": 0.38444221019744873}