{"Training time": 50.3788480758667, "Inference latency": 0.00011431817152147786, "Training RMSE": 102.11376953125, "Training R2 score": 0.3438141345977783, "Validation RMSE": 106.20923614501953, "Validation R2 score": 0.3423059582710266, "Test RMSE": 100.40734100341797, "Test R2 score": 0.3642262816429138}