{"Training time": 10.975336074829102, "Inference latency": 9.664916499727463e-05, "Training RMSE": 118.76757049560547, "Training R2 score": 0.11232507228851318, "Validation RMSE": 125.48690795898438, "Validation R2 score": 0.08188676834106445, "Test RMSE": 118.76409149169922, "Test R2 score": 0.11050820350646973}