{"Training time": 63.25888419151306, "Inference latency": 0.0001850617433484254, "Training RMSE": 125.95410919189453, "Training R2 score": 0.0016497373580932617, "Validation RMSE": 131.1190948486328, "Validation R2 score": -0.0023773908615112305, "Test RMSE": 125.9388427734375, "Test R2 score": -0.00020968914031982422}