{"Training time": 11.075304985046387, "Inference latency": 9.694799483671503e-05, "Training RMSE": 104.46197509765625, "Training R2 score": 0.3132879137992859, "Validation RMSE": 111.11105346679688, "Validation R2 score": 0.28019648790359497, "Test RMSE": 101.38648986816406, "Test R2 score": 0.3517659902572632}