{"Training time": 72.22383689880371, "Inference latency": 0.0001943178837903908, "Training RMSE": 99.9954833984375, "Training R2 score": 0.3707561492919922, "Validation RMSE": 106.01151275634766, "Validation R2 score": 0.34475231170654297, "Test RMSE": 98.81446838378906, "Test R2 score": 0.3842383027076721}