{"Training time": 10.611232042312622, "Inference latency": 8.519369567561353e-05, "Training RMSE": 103.0318832397461, "Training R2 score": 0.331961452960968, "Validation RMSE": 106.78426361083984, "Validation R2 score": 0.33516496419906616, "Test RMSE": 98.52002716064453, "Test R2 score": 0.3879023790359497}