{"Training time": 10.739314794540405, "Inference latency": 0.00012180724969277009, "Training RMSE": 104.0453872680664, "Training R2 score": 0.31875407695770264, "Validation RMSE": 107.99217224121094, "Validation R2 score": 0.32003915309906006, "Test RMSE": 100.233642578125, "Test R2 score": 0.3664240837097168}