{"Validation RMSE mean": 100.85814000347158, "Validation RMSE variance": 166.0954695019805, "Validation RMSE min": 76.39452361995906, "Validation RMSE max": 131.74717775966766}