{"Training RMSE": {"count": 1000.0, "mean": 93.4548796419733, "std": 4.788872762670502, "min": 76.46890781626942, "25%": 90.24411799174153, "50%": 93.56048565703347, "75%": 97.02896123790418, "max": 105.13179716115657}, "Training R2 score": {"count": 1000.0, "mean": 0.4595408946382173, "std": 0.030072281457624427, "min": 0.34611654483386156, "25%": 0.43988205564177035, "50%": 0.4604747802951703, "75%": 0.4791554785540688, "max": 0.5640262051148788}, "Validation RMSE": {"count": 1000.0, "mean": 100.70131829228075, "std": 12.742558344424225, "min": 68.86614056221468, "25%": 91.53679638879578, "50%": 100.03095236556277, "75%": 108.45505671570665, "max": 137.50582863827447}, "Validation R2 score": {"count": 1000.0, "mean": 0.3408310866834958, "std": 0.08633541405181867, "min": -0.41032199964713456, "25%": 0.2958699716015223, "50%": 0.3508637404512553, "75%": 0.39527277506153463, "max": 0.5669748600098699}, "Test RMSE": {"count": 1000.0, "mean": 101.12980595599903, "std": 12.807388114935385, "min": 65.75213036179116, "25%": 91.74825942893092, "50%": 100.88110402974935, "75%": 109.95569827773156, "max": 140.90255839110827}, "Test R2 score": {"count": 1000.0, "mean": 0.3388278102557844, "std": 0.07849811594314642, "min": -0.0013014895197169807, "25%": 0.2963446095958423, "50%": 0.3476536318184294, "75%": 0.3894209733968841, "max": 0.5386391209690102}}