{"Training time": 69.00756525993347, "Inference latency": 0.00021632281080366598, "Training RMSE": 126.05829620361328, "Training R2 score": -2.5033950805664062e-06, "Validation RMSE": 131.02610778808594, "Validation R2 score": -0.0009561777114868164, "Test RMSE": 125.92569732666016, "Test R2 score": -8.344650268554688e-07}