{"Training time": 54.86267018318176, "Inference latency": 0.0001516213764260634, "Training RMSE": 126.06238555908203, "Training R2 score": -6.73532485961914e-05, "Validation RMSE": 131.0516357421875, "Validation R2 score": -0.0013462305068969727, "Test RMSE": 125.92770385742188, "Test R2 score": -3.266334533691406e-05}