{"Training time": 67.71584606170654, "Inference latency": 0.00022170648512008962, "Training RMSE": 97.17648315429688, "Training R2 score": 0.4057343602180481, "Validation RMSE": 105.28494262695312, "Validation R2 score": 0.35370326042175293, "Test RMSE": 102.94339752197266, "Test R2 score": 0.33170437812805176}