{"Training time": 79.17672228813171, "Inference latency": 0.00023109763887231243, "Training RMSE": 100.85430145263672, "Training R2 score": 0.3599010705947876, "Validation RMSE": 112.55421447753906, "Validation R2 score": 0.26137685775756836, "Test RMSE": 103.35516357421875, "Test R2 score": 0.3263474106788635}