{"Training time": 7.504152774810791, "Inference latency": 6.140794000055052e-05, "Training RMSE": 104.6016616821289, "Training R2 score": 0.31145018339157104, "Validation RMSE": 107.73585510253906, "Validation R2 score": 0.3232630491256714, "Test RMSE": 100.89744567871094, "Test R2 score": 0.35800451040267944}