{"Training time": 11.12302303314209, "Inference latency": 0.00010793957530263496, "Training RMSE": 101.818115234375, "Training R2 score": 0.34760838747024536, "Validation RMSE": 106.67015838623047, "Validation R2 score": 0.33658498525619507, "Test RMSE": 98.43716430664062, "Test R2 score": 0.3889315724372864}