{"Training time": 11.624458074569702, "Inference latency": 0.000138194939689419, "Training RMSE": 98.55668640136719, "Training R2 score": 0.3887336850166321, "Validation RMSE": 107.1224594116211, "Validation R2 score": 0.3309471011161804, "Test RMSE": 102.11121368408203, "Test R2 score": 0.3424655795097351}