{"Training time": 62.79650831222534, "Inference latency": 0.00022504522244262595, "Training RMSE": 126.05814361572266, "Training R2 score": -1.1920928955078125e-07, "Validation RMSE": 131.02169799804688, "Validation R2 score": -0.0008887052536010742, "Test RMSE": 125.92591857910156, "Test R2 score": -4.291534423828125e-06}