{"Training time": 61.58566975593567, "Inference latency": 0.00022436402953418828, "Training RMSE": 95.50777435302734, "Training R2 score": 0.4259685277938843, "Validation RMSE": 106.61624145507812, "Validation R2 score": 0.33725547790527344, "Test RMSE": 101.24649047851562, "Test R2 score": 0.35355502367019653}