{"Training time": 10.765268087387085, "Inference latency": 0.00011252251021203232, "Training RMSE": 126.06398010253906, "Training R2 score": -9.274482727050781e-05, "Validation RMSE": 131.06129455566406, "Validation R2 score": -0.0014939308166503906, "Test RMSE": 125.9288558959961, "Test R2 score": -5.0902366638183594e-05}