{"Training accuracy score": 0.47752808988764045, "Training precision score": 0.5269178969178969, "Training recall score": 0.4548700322234157, "Training F1 score": 0.4575800141949036, "Validation accuracy score": 0.38764044943820225, "Validation precision score": 0.43653569710712564, "Validation recall score": 0.4004131236389301, "Validation F1 score": 0.370752646697487, "Test accuracy score:": 0.3595505617977528, "Test precision score": 0.35490863081481416, "Test recall score score": 0.34870187125506275, "Test F1 score": 0.3232690927287779}