{"Training accuracy score": {"count": 1000.0, "mean": 0.6910131086142322, "std": 0.016322345958136062, "min": 0.6404494382022472, "25%": 0.6797752808988764, "50%": 0.6910112359550562, "75%": 0.702247191011236, "max": 0.7490636704119851}, "Training precision score": {"count": 1000.0, "mean": 0.7000171199865228, "std": 0.01653971616030607, "min": 0.6441491852498948, "25%": 0.6888900933841902, "50%": 0.7002682752728989, "75%": 0.7110854466276995, "max": 0.7723480301678298}, "Training recall score": {"count": 1000.0, "mean": 0.6863091402331758, "std": 0.0167334016528307, "min": 0.6372182735297489, "25%": 0.674928404842815, "50%": 0.6870836783508392, "75%": 0.6975451345079967, "max": 0.7416408054291914}, "Training F1 score": {"count": 1000.0, "mean": 0.6894718224912908, "std": 0.016613222879143113, "min": 0.6390509482729418, "25%": 0.6782891438216208, "50%": 0.6901858108322334, "75%": 0.70040939510324, "max": 0.7497454195293615}, "Validation accuracy score": {"count": 1000.0, "mean": 0.37706179775280896, "std": 0.03349127505286098, "min": 0.25842696629213485, "25%": 0.3539325842696629, "50%": 0.37640449438202245, "75%": 0.398876404494382, "max": 0.46629213483146065}, "Validation precision score": {"count": 1000.0, "mean": 0.37319803092784504, "std": 0.03629199436653377, "min": 0.23731637582569257, "25%": 0.3504169137789827, "50%": 0.37345088568807877, "75%": 0.3991596305541244, "max": 0.49468735590540813}, "Validation recall score": {"count": 1000.0, "mean": 0.370872998818244, "std": 0.03370512301598194, "min": 0.25792632204396915, "25%": 0.3486373323274059, "50%": 0.36999054309709, "75%": 0.3933976644738381, "max": 0.46507779483389244}, "Validation F1 score": {"count": 1000.0, "mean": 0.36458731622189594, "std": 0.033973388509833745, "min": 0.2444464513814359, "25%": 0.3422984775148305, "50%": 0.3652093696708977, "75%": 0.38828783763794095, "max": 0.4610130669924485}, "Test accuracy score:": {"count": 1000.0, "mean": 0.37678651685393255, "std": 0.033772182792375045, "min": 0.2752808988764045, "25%": 0.3539325842696629, "50%": 0.37640449438202245, "75%": 0.398876404494382, "max": 0.47191011235955055}, "Test precision score": {"count": 1000.0, "mean": 0.37237865605677817, "std": 0.0367700836007346, "min": 0.25886812791547076, "25%": 0.34810493898548084, "50%": 0.37118471027499755, "75%": 0.39673183832420406, "max": 0.48631053308241257}, "Test recall score score": {"count": 1000.0, "mean": 0.3701200779017322, "std": 0.03421296592004831, "min": 0.26784116862991203, "25%": 0.34551323753492835, "50%": 0.3687744594413043, "75%": 0.39428564333348826, "max": 0.47987417288360523}, "Test F1 score": {"count": 1000.0, "mean": 0.36391147126103257, "std": 0.034394095794841636, "min": 0.2665201465201465, "25%": 0.34009749763611224, "50%": 0.3638161267563178, "75%": 0.38716240078940045, "max": 0.4629260700791006}}