{"Training time": 58.387696743011475, "Inference latency": 0.00013148924001465405, "Training RMSE": 104.27954864501953, "Training R2 score": 0.31568431854248047, "Validation RMSE": 110.17118835449219, "Validation R2 score": 0.29232239723205566, "Test RMSE": 101.1377944946289, "Test R2 score": 0.354942262172699}