{"Training time": 68.67821788787842, "Inference latency": 0.00022594291062660814, "Training RMSE": 88.18540954589844, "Training R2 score": 0.5106137990951538, "Validation RMSE": 109.59868621826172, "Validation R2 score": 0.2996581196784973, "Test RMSE": 107.64461517333984, "Test R2 score": 0.2692711353302002}