{"Training time": 79.5490071773529, "Inference latency": 0.00021239587952351824, "Training RMSE": 98.49089050292969, "Training R2 score": 0.3895496129989624, "Validation RMSE": 105.05571746826172, "Validation R2 score": 0.35651451349258423, "Test RMSE": 96.8933334350586, "Test R2 score": 0.4079485535621643}