{"Training time": 10.988560914993286, "Inference latency": 9.840578265339606e-05, "Training RMSE": 93.46847534179688, "Training R2 score": 0.45022040605545044, "Validation RMSE": 108.29830932617188, "Validation R2 score": 0.31617850065231323, "Test RMSE": 103.74897003173828, "Test R2 score": 0.3212040662765503}