{"Training time": 12.081805944442749, "Inference latency": 0.00014591321051969896, "Training RMSE": 127.0804443359375, "Training R2 score": -0.016285300254821777, "Validation RMSE": 132.47291564941406, "Validation R2 score": -0.023183465003967285, "Test RMSE": 126.90953063964844, "Test R2 score": -0.01568746566772461}