{"Training time": 11.884299993515015, "Inference latency": 8.952036032989133e-05, "Training RMSE": 124.73406219482422, "Training R2 score": 0.020896971225738525, "Validation RMSE": 131.71139526367188, "Validation R2 score": -0.011453866958618164, "Test RMSE": 125.64848327636719, "Test R2 score": 0.004397094249725342}