{"Training time": 11.31198525428772, "Inference latency": 0.00010922820734502234, "Training RMSE": 106.9612808227539, "Training R2 score": 0.2800348997116089, "Validation RMSE": 109.10795593261719, "Validation R2 score": 0.3059156537055969, "Test RMSE": 99.7607650756836, "Test R2 score": 0.3723880648612976}