{"Training time": 11.445328950881958, "Inference latency": 0.00010927832364356741, "Training RMSE": 94.78764343261719, "Training R2 score": 0.4345923066139221, "Validation RMSE": 107.0934066772461, "Validation R2 score": 0.331309974193573, "Test RMSE": 103.89791107177734, "Test R2 score": 0.31925368309020996}