{"Training time": 11.140201091766357, "Inference latency": 0.00011854234584036752, "Training RMSE": 104.42748260498047, "Training R2 score": 0.3137413263320923, "Validation RMSE": 110.16650390625, "Validation R2 score": 0.29238253831863403, "Test RMSE": 100.59746551513672, "Test R2 score": 0.3618163466453552}