{"Training time": 63.23040294647217, "Inference latency": 0.000176434460029242, "Training RMSE": 126.06034088134766, "Training R2 score": -3.504753112792969e-05, "Validation RMSE": 131.00039672851562, "Validation R2 score": -0.000563502311706543, "Test RMSE": 125.93010711669922, "Test R2 score": -7.081031799316406e-05}