{"Training time": 63.534663915634155, "Inference latency": 0.0002490259067190591, "Training RMSE": 126.09965515136719, "Training R2 score": -0.0006587505340576172, "Validation RMSE": 130.9649658203125, "Validation R2 score": -2.2411346435546875e-05, "Test RMSE": 125.97566986083984, "Test R2 score": -0.0007946491241455078}