{"Training time": 13.125888109207153, "Inference latency": 0.00014495471773663874, "Training RMSE": 126.07843780517578, "Training R2 score": -0.0003222227096557617, "Validation RMSE": 130.9731903076172, "Validation R2 score": -0.00014770030975341797, "Test RMSE": 125.95201873779297, "Test R2 score": -0.0004189014434814453}