{"Training time": 12.313054323196411, "Inference latency": 0.000157936346157323, "Training RMSE": 106.41508483886719, "Training R2 score": 0.28736913204193115, "Validation RMSE": 110.1719970703125, "Validation R2 score": 0.29231196641921997, "Test RMSE": 99.84391021728516, "Test R2 score": 0.3713415861129761}