{"Training time": 88.37261509895325, "Inference latency": 0.0003295614983828762, "Training RMSE": 97.42668151855469, "Training R2 score": 0.40267038345336914, "Validation RMSE": 108.51715087890625, "Validation R2 score": 0.313412070274353, "Test RMSE": 98.5090560913086, "Test R2 score": 0.3880387544631958}