{"Training time": 69.85070180892944, "Inference latency": 0.0002103538288503319, "Training RMSE": 102.57119750976562, "Training R2 score": 0.3379220962524414, "Validation RMSE": 104.76048278808594, "Validation R2 score": 0.3601261377334595, "Test RMSE": 98.00000762939453, "Test R2 score": 0.39434707164764404}