{"Training time": 11.21788501739502, "Inference latency": 9.863645347774514e-05, "Training RMSE": 104.60162353515625, "Training R2 score": 0.3114506006240845, "Validation RMSE": 108.66067504882812, "Validation R2 score": 0.31159478425979614, "Test RMSE": 100.1293716430664, "Test R2 score": 0.36774158477783203}