{"Training time": 11.443026781082153, "Inference latency": 0.0001293598034782627, "Training RMSE": 127.06085968017578, "Training R2 score": -0.015972256660461426, "Validation RMSE": 132.44960021972656, "Validation R2 score": -0.022823572158813477, "Test RMSE": 126.89031219482422, "Test R2 score": -0.015379786491394043}