{"Training time": 37.729047775268555, "Inference latency": 9.817195203239075e-05, "Training RMSE": 99.0540771484375, "Training R2 score": 0.38254833221435547, "Validation RMSE": 105.62037658691406, "Validation R2 score": 0.3495786190032959, "Test RMSE": 98.4748306274414, "Test R2 score": 0.3884638547897339}