{"Training time": 62.86077094078064, "Inference latency": 0.0002100744429104939, "Training RMSE": 90.31285858154297, "Training R2 score": 0.4867163896560669, "Validation RMSE": 106.78221130371094, "Validation R2 score": 0.33519047498703003, "Test RMSE": 98.87084197998047, "Test R2 score": 0.3835354447364807}