{"Training time": 11.555901288986206, "Inference latency": 0.00012280866291448196, "Training RMSE": 126.0583724975586, "Training R2 score": -3.814697265625e-06, "Validation RMSE": 131.02755737304688, "Validation R2 score": -0.0009783506393432617, "Test RMSE": 125.9256591796875, "Test R2 score": -2.384185791015625e-07}