{"Training time": 49.08186984062195, "Inference latency": 0.00018210881089295353, "Training RMSE": 77.75505828857422, "Training R2 score": 0.6195342540740967, "Validation RMSE": 113.83598327636719, "Validation R2 score": 0.2444581389427185, "Test RMSE": 112.84996032714844, "Test R2 score": 0.19689106941223145}