{"Training time": 11.353645086288452, "Inference latency": 0.00013628827031181837, "Training RMSE": 127.0821762084961, "Training R2 score": -0.01631319522857666, "Validation RMSE": 132.4749755859375, "Validation R2 score": -0.023215293884277344, "Test RMSE": 126.9112319946289, "Test R2 score": -0.01571476459503174}