{"Training time": 66.57574319839478, "Inference latency": 0.00020775740652167706, "Training RMSE": 126.05826568603516, "Training R2 score": -2.0265579223632812e-06, "Validation RMSE": 131.0255889892578, "Validation R2 score": -0.0009483098983764648, "Test RMSE": 125.92571258544922, "Test R2 score": -1.0728836059570312e-06}