{"Training time": 49.31828212738037, "Inference latency": 0.0001419523223402443, "Training RMSE": 88.95849609375, "Training R2 score": 0.5019956827163696, "Validation RMSE": 110.0157241821289, "Validation R2 score": 0.29431819915771484, "Test RMSE": 108.06985473632812, "Test R2 score": 0.26348644495010376}