{"Training time": 55.185625076293945, "Inference latency": 0.00014859122074320307, "Training RMSE": 94.24137115478516, "Training R2 score": 0.4410906434059143, "Validation RMSE": 110.46832275390625, "Validation R2 score": 0.28849995136260986, "Test RMSE": 105.94532012939453, "Test R2 score": 0.29215991497039795}