{"Training time": 9.605660200119019, "Inference latency": 8.839218110440491e-05, "Training RMSE": 103.54737091064453, "Training R2 score": 0.3252600431442261, "Validation RMSE": 107.756103515625, "Validation R2 score": 0.32300859689712524, "Test RMSE": 101.52278900146484, "Test R2 score": 0.35002195835113525}