{"Training time": 73.8882188796997, "Inference latency": 0.00012690913718954052, "Training RMSE": 125.930908203125, "Training R2 score": 0.0020175576210021973, "Validation RMSE": 131.06851196289062, "Validation R2 score": -0.0016039609909057617, "Test RMSE": 125.92574310302734, "Test R2 score": -1.5497207641601562e-06}