{"Training time": 61.93061590194702, "Inference latency": 0.0001616517723961384, "Training RMSE": 126.0587387084961, "Training R2 score": -9.5367431640625e-06, "Validation RMSE": 131.0322723388672, "Validation R2 score": -0.0010502338409423828, "Test RMSE": 125.93051147460938, "Test R2 score": -7.736682891845703e-05}