{"Training time": 68.48746705055237, "Inference latency": 0.00018650919073420863, "Training RMSE": 101.82469177246094, "Training R2 score": 0.34752410650253296, "Validation RMSE": 106.22679138183594, "Validation R2 score": 0.3420884609222412, "Test RMSE": 97.31907653808594, "Test R2 score": 0.40273427963256836}