{"Training time": 12.16614294052124, "Inference latency": 0.00013048861950551045, "Training RMSE": 104.1802978515625, "Training R2 score": 0.3169863224029541, "Validation RMSE": 108.8283462524414, "Validation R2 score": 0.3094685673713684, "Test RMSE": 100.77926635742188, "Test R2 score": 0.35950756072998047}