{"Training time": 63.25539803504944, "Inference latency": 0.00022901042576932974, "Training RMSE": 126.05830383300781, "Training R2 score": -2.7418136596679688e-06, "Validation RMSE": 131.0263214111328, "Validation R2 score": -0.0009595155715942383, "Test RMSE": 125.92570495605469, "Test R2 score": -8.344650268554688e-07}