{"Training time": 2.896601915359497, "Inference latency": 0.00015852742441622755, "Training RMSE": 12397.8310546875, "Training R2 score": 0.2198035717010498, "Validation RMSE": 14162.0029296875, "Validation R2 score": 0.17429661750793457, "Test RMSE": 12367.1376953125, "Test R2 score": 0.22009658813476562}