{"Training time": 56.299920320510864, "Inference latency": 0.00011418057608608768, "Training RMSE": 100.89403533935547, "Training R2 score": 0.3593965768814087, "Validation RMSE": 107.93551635742188, "Validation R2 score": 0.3207523822784424, "Test RMSE": 95.76971435546875, "Test R2 score": 0.4216004014015198}