{"Training time": 71.81113815307617, "Inference latency": 0.0003027945949687322, "Training RMSE": 82.97222900390625, "Training R2 score": 0.5667648315429688, "Validation RMSE": 112.13976287841797, "Validation R2 score": 0.26680636405944824, "Test RMSE": 110.75930786132812, "Test R2 score": 0.22637218236923218}