{"Training time": 54.11080813407898, "Inference latency": 0.00016031908455549343, "Training RMSE": 84.91952514648438, "Training R2 score": 0.5461907386779785, "Validation RMSE": 109.84595489501953, "Validation R2 score": 0.2964944839477539, "Test RMSE": 113.87322235107422, "Test R2 score": 0.18226075172424316}