{"Training time": 10.954125881195068, "Inference latency": 0.00011084131111106992, "Training RMSE": 105.00017547607422, "Training R2 score": 0.30619364976882935, "Validation RMSE": 110.34127044677734, "Validation R2 score": 0.2901357412338257, "Test RMSE": 101.32369995117188, "Test R2 score": 0.35256868600845337}