{"Training time": 50.95392394065857, "Inference latency": 0.00015634892920798082, "Training RMSE": 189.16705322265625, "Training R2 score": -1.2519009113311768, "Validation RMSE": 195.31248474121094, "Validation R2 score": -1.2241261005401611, "Test RMSE": 188.84423828125, "Test R2 score": -1.248946189880371}