{"Training time": 10.315024137496948, "Inference latency": 7.749387086966115e-05, "Training RMSE": 103.70460510253906, "Training R2 score": 0.32320940494537354, "Validation RMSE": 107.32715606689453, "Validation R2 score": 0.32838767766952515, "Test RMSE": 100.50867462158203, "Test R2 score": 0.36294233798980713}