{"Training time": 55.02006697654724, "Inference latency": 0.00019378530810080163, "Training RMSE": 126.06017303466797, "Training R2 score": -3.230571746826172e-05, "Validation RMSE": 131.04327392578125, "Validation R2 score": -0.0012183189392089844, "Test RMSE": 125.92628479003906, "Test R2 score": -1.0132789611816406e-05}