{"Training time": 55.74148607254028, "Inference latency": 0.0001770307965239286, "Training RMSE": 147.6512451171875, "Training R2 score": -0.37193167209625244, "Validation RMSE": 153.84764099121094, "Validation R2 score": -0.38000619411468506, "Test RMSE": 147.3671417236328, "Test R2 score": -0.3695344924926758}