{"Training time": 36.59647488594055, "Inference latency": 9.298918120026673e-05, "Training RMSE": 102.06726837158203, "Training R2 score": 0.3444116711616516, "Validation RMSE": 105.58360290527344, "Validation R2 score": 0.3500314950942993, "Test RMSE": 97.56072998046875, "Test R2 score": 0.3997644782066345}