{"Training time": 10.885799884796143, "Inference latency": 0.00011471520971368944, "Training RMSE": 92.81500244140625, "Training R2 score": 0.4578810930252075, "Validation RMSE": 111.73914337158203, "Validation R2 score": 0.27203571796417236, "Test RMSE": 106.06966400146484, "Test R2 score": 0.290497362613678}