{"Training time": 12.05605411529541, "Inference latency": 0.00012853523010541878, "Training RMSE": 96.4446792602539, "Training R2 score": 0.41465115547180176, "Validation RMSE": 116.60578155517578, "Validation R2 score": 0.2072439193725586, "Test RMSE": 110.76185607910156, "Test R2 score": 0.22633659839630127}