{"Training time": 58.59991192817688, "Inference latency": 0.00020196376855094212, "Training RMSE": 98.97113037109375, "Training R2 score": 0.3835819959640503, "Validation RMSE": 106.75917053222656, "Validation R2 score": 0.33547741174697876, "Test RMSE": 100.24708557128906, "Test R2 score": 0.36625415086746216}