{"Training time": 63.51645612716675, "Inference latency": 0.00017638570384720113, "Training RMSE": 126.0587387084961, "Training R2 score": -9.5367431640625e-06, "Validation RMSE": 131.0322723388672, "Validation R2 score": -0.0010502338409423828, "Test RMSE": 125.93051147460938, "Test R2 score": -7.736682891845703e-05}