{"Training time": 11.520472049713135, "Inference latency": 0.00010120397449558618, "Training RMSE": 126.06171417236328, "Training R2 score": -5.6743621826171875e-05, "Validation RMSE": 131.05160522460938, "Validation R2 score": -0.0013457536697387695, "Test RMSE": 125.92724609375, "Test R2 score": -2.5391578674316406e-05}