{"Training time": 77.17372393608093, "Inference latency": 0.00019578102200783069, "Training RMSE": 189.16688537597656, "Training R2 score": -1.251896858215332, "Validation RMSE": 195.3123016357422, "Validation R2 score": -1.2241220474243164, "Test RMSE": 188.8369140625, "Test R2 score": -1.248772144317627}