{"Training time": 12.090571880340576, "Inference latency": 0.00013184422186636926, "Training RMSE": 174.96127319335938, "Training R2 score": -0.9263805150985718, "Validation RMSE": 181.16937255859375, "Validation R2 score": -0.9136786460876465, "Test RMSE": 174.6478729248047, "Test R2 score": -0.9235267639160156}