{"Training time": 60.31324481964111, "Inference latency": 0.00017888174871401931, "Training RMSE": 99.0290298461914, "Training R2 score": 0.38286054134368896, "Validation RMSE": 113.36094665527344, "Validation R2 score": 0.25075072050094604, "Test RMSE": 117.98523712158203, "Test R2 score": 0.12213653326034546}