{"Training time": 10.144889116287231, "Inference latency": 9.101928554029538e-05, "Training RMSE": 105.52973937988281, "Training R2 score": 0.2991775870323181, "Validation RMSE": 112.6681900024414, "Validation R2 score": 0.2598802447319031, "Test RMSE": 102.77600860595703, "Test R2 score": 0.33387595415115356}