{"Training time": 57.8668110370636, "Inference latency": 0.00014953530936218136, "Training RMSE": 94.13417053222656, "Training R2 score": 0.44236135482788086, "Validation RMSE": 109.98174285888672, "Validation R2 score": 0.29475414752960205, "Test RMSE": 125.8130111694336, "Test R2 score": 0.0017881393432617188}