{"Training time": 57.00428581237793, "Inference latency": 0.000158451712879255, "Training RMSE": 101.84952545166016, "Training R2 score": 0.34720587730407715, "Validation RMSE": 141.40090942382812, "Validation R2 score": -0.16574561595916748, "Test RMSE": 119.34455108642578, "Test R2 score": 0.10179227590560913}