{"Training time": 55.72754192352295, "Inference latency": 0.0001593042457077561, "Training RMSE": 103.64622497558594, "Training R2 score": 0.323971152305603, "Validation RMSE": 110.96813201904297, "Validation R2 score": 0.2820470929145813, "Test RMSE": 105.08457946777344, "Test R2 score": 0.30361467599868774}