{"Training time": 50.51110219955444, "Inference latency": 0.00015532480178406384, "Training RMSE": 126.05829620361328, "Training R2 score": -2.6226043701171875e-06, "Validation RMSE": 131.0261993408203, "Validation R2 score": -0.0009576082229614258, "Test RMSE": 125.91971588134766, "Test R2 score": 9.417533874511719e-05}