{"Training time": 12.032989740371704, "Inference latency": 0.00010801911184251119, "Training RMSE": 104.0308837890625, "Training R2 score": 0.31894397735595703, "Validation RMSE": 109.84436798095703, "Validation R2 score": 0.2965148091316223, "Test RMSE": 101.09842681884766, "Test R2 score": 0.35544437170028687}