{"Training time": 56.61696910858154, "Inference latency": 0.0001741161997838507, "Training RMSE": 102.53840637207031, "Training R2 score": 0.33834540843963623, "Validation RMSE": 108.3731460571289, "Validation R2 score": 0.31523311138153076, "Test RMSE": 100.44027709960938, "Test R2 score": 0.36380916833877563}