{"Validation RMSE mean": 105.63876459002769, "Validation RMSE variance": 123.4770913522489, "Validation RMSE min": 81.68732977667166, "Validation RMSE max": 141.76991078226303}