{"Training RMSE": {"count": 1000.0, "mean": 104.58618876229744, "std": 4.999016148726244, "min": 88.95044615963563, "25%": 101.39792028686998, "50%": 105.03764478792377, "75%": 108.33145930835109, "max": 118.50462747219393}, "Training R2 score": {"count": 1000.0, "mean": 0.31414810158475404, "std": 0.039062547428043465, "min": 0.18759384079776875, "25%": 0.28930325622560393, "50%": 0.3157820230114641, "75%": 0.3402537424545473, "max": 0.44123269894463235}, "Validation RMSE": {"count": 1000.0, "mean": 106.4374948089081, "std": 12.400328735147584, "min": 75.49467724343388, "25%": 97.30544487512837, "50%": 105.736302875573, "75%": 114.7712225947524, "max": 162.41979507118666}, "Validation R2 score": {"count": 1000.0, "mean": 0.27295438955281476, "std": 0.12136129518073584, "min": -0.5519568765675165, "25%": 0.21539070523414855, "50%": 0.29627823561851707, "75%": 0.3557153793096167, "max": 0.5157096546527409}, "Test RMSE": {"count": 1000.0, "mean": 106.85423982340042, "std": 12.083158639413663, "min": 73.27987910644103, "25%": 98.40506680524115, "50%": 106.50864984013987, "75%": 114.4486412403044, "max": 152.33293001673897}, "Test R2 score": {"count": 1000.0, "mean": 0.2694020733341399, "std": 0.12044011886219497, "min": -0.41768902249223605, "25%": 0.21263639403171508, "50%": 0.295813299805944, "75%": 0.3525938588357295, "max": 0.49076113099794416}}