{"Training time": 50.443861961364746, "Inference latency": 0.00013550654567460153, "Training RMSE": 126.05831909179688, "Training R2 score": -2.9802322387695312e-06, "Validation RMSE": 131.02658081054688, "Validation R2 score": -0.0009633302688598633, "Test RMSE": 125.92568969726562, "Test R2 score": -7.152557373046875e-07}