{"Training time": 84.01702618598938, "Inference latency": 0.00024440196436113976, "Training RMSE": 90.65628051757812, "Training R2 score": 0.48280537128448486, "Validation RMSE": 105.65272521972656, "Validation R2 score": 0.3491801619529724, "Test RMSE": 104.22428131103516, "Test R2 score": 0.3149702548980713}