{"Training time": 47.555359840393066, "Inference latency": 0.00010775445186874545, "Training RMSE": 100.35368347167969, "Training R2 score": 0.3662399649620056, "Validation RMSE": 105.04085540771484, "Validation R2 score": 0.35669654607772827, "Test RMSE": 96.92549896240234, "Test R2 score": 0.4075554609298706}