{"Training time": 56.00734496116638, "Inference latency": 0.00013441986007921278, "Training RMSE": 104.60975646972656, "Training R2 score": 0.31134355068206787, "Validation RMSE": 110.6277847290039, "Validation R2 score": 0.28644436597824097, "Test RMSE": 101.68179321289062, "Test R2 score": 0.34798431396484375}