{"Training time": 10.680229187011719, "Inference latency": 0.0001108533678910677, "Training RMSE": 104.8466567993164, "Training R2 score": 0.3082209825515747, "Validation RMSE": 111.21365356445312, "Validation R2 score": 0.27886658906936646, "Test RMSE": 102.05469512939453, "Test R2 score": 0.3431932330131531}