{"Training time": 49.06717371940613, "Inference latency": 0.00013840047126495187, "Training RMSE": 126.09989166259766, "Training R2 score": -0.000662684440612793, "Validation RMSE": 130.96493530273438, "Validation R2 score": -2.1696090698242188e-05, "Test RMSE": 125.93658447265625, "Test R2 score": -0.00017368793487548828}