{"Training time": 59.19080924987793, "Inference latency": 0.00012932855307146932, "Training RMSE": 97.38967895507812, "Training R2 score": 0.40312397480010986, "Validation RMSE": 106.7158203125, "Validation R2 score": 0.3360169529914856, "Test RMSE": 97.31904602050781, "Test R2 score": 0.4027346968650818}