{"Training time": 10.057359218597412, "Inference latency": 8.487544338248057e-05, "Training RMSE": 128.6815185546875, "Training R2 score": -0.04205501079559326, "Validation RMSE": 134.8526611328125, "Validation R2 score": -0.060274720191955566, "Test RMSE": 129.25396728515625, "Test R2 score": -0.05356025695800781}