{"Training time": 65.15199828147888, "Inference latency": 0.0002388089539764064, "Training RMSE": 125.4003677368164, "Training R2 score": 0.01040869951248169, "Validation RMSE": 130.51693725585938, "Validation R2 score": 0.006808102130889893, "Test RMSE": 126.52610778808594, "Test R2 score": -0.0095595121383667}