{"Training time": 10.531709909439087, "Inference latency": 0.00011392937511460341, "Training RMSE": 94.24225616455078, "Training R2 score": 0.44108015298843384, "Validation RMSE": 109.09464263916016, "Validation R2 score": 0.30608510971069336, "Test RMSE": 107.33191680908203, "Test R2 score": 0.2735104560852051}