{"Training time": 11.31872010231018, "Inference latency": 0.00015231285594467407, "Training RMSE": 99.07122039794922, "Training R2 score": 0.3823345899581909, "Validation RMSE": 109.19802856445312, "Validation R2 score": 0.30476921796798706, "Test RMSE": 104.36277770996094, "Test R2 score": 0.31314849853515625}