{"Training time": 9.947846174240112, "Inference latency": 9.730371230008605e-05, "Training RMSE": 127.08625030517578, "Training R2 score": -0.016378164291381836, "Validation RMSE": 132.4798126220703, "Validation R2 score": -0.023290276527404785, "Test RMSE": 126.91523742675781, "Test R2 score": -0.015778779983520508}