{"Training time": 10.744961023330688, "Inference latency": 0.00010788162634243664, "Training RMSE": 104.25630950927734, "Training R2 score": 0.3159891963005066, "Validation RMSE": 110.62905883789062, "Validation R2 score": 0.28642791509628296, "Test RMSE": 101.22256469726562, "Test R2 score": 0.3538604974746704}