{"Training time": 65.87414574623108, "Inference latency": 0.0002537879255658243, "Training RMSE": 91.8974609375, "Training R2 score": 0.4685465097427368, "Validation RMSE": 107.71876525878906, "Validation R2 score": 0.32347768545150757, "Test RMSE": 109.81260681152344, "Test R2 score": 0.23954057693481445}