{"Training time": 57.17691779136658, "Inference latency": 0.00016941862087647305, "Training RMSE": 126.05827331542969, "Training R2 score": -2.1457672119140625e-06, "Validation RMSE": 131.02552795410156, "Validation R2 score": -0.0009472370147705078, "Test RMSE": 125.92572021484375, "Test R2 score": -1.1920928955078125e-06}