{"Training time": 11.303568124771118, "Inference latency": 0.0001355093768519212, "Training RMSE": 127.05037689208984, "Training R2 score": -0.015804529190063477, "Validation RMSE": 132.43710327148438, "Validation R2 score": -0.02263057231903076, "Test RMSE": 126.8800277709961, "Test R2 score": -0.015215277671813965}