{"Training time": 13.453609943389893, "Inference latency": 0.0001632852049974296, "Training RMSE": 127.07447814941406, "Training R2 score": -0.016190052032470703, "Validation RMSE": 132.4658203125, "Validation R2 score": -0.023074030876159668, "Test RMSE": 126.90367889404297, "Test R2 score": -0.015593767166137695}