{"Training time": 74.04089522361755, "Inference latency": 0.0002027294853803091, "Training RMSE": 96.58284759521484, "Training R2 score": 0.41297274827957153, "Validation RMSE": 108.38790130615234, "Validation R2 score": 0.3150467276573181, "Test RMSE": 101.23041534423828, "Test R2 score": 0.3537602424621582}