{"Training accuracy score": 0.449438202247191, "Training precision score": 0.46616959064327484, "Training recall score": 0.4223458646616541, "Training F1 score": 0.4176472978949759, "Validation accuracy score": 0.38202247191011235, "Validation precision score": 0.4094626941685765, "Validation recall score": 0.39083458825394307, "Validation F1 score": 0.36678930727220466, "Test accuracy score:": 0.38202247191011235, "Test precision score": 0.39087123793006145, "Test recall score score": 0.36940865153631114, "Test F1 score": 0.346717849442114}