{"Training accuracy score": {"count": 1000.0, "mean": 0.41971722846441945, "std": 0.015420318165880515, "min": 0.3782771535580524, "25%": 0.40823970037453183, "50%": 0.41947565543071164, "75%": 0.4307116104868914, "max": 0.4756554307116105}, "Training precision score": {"count": 1000.0, "mean": 0.42241345954505527, "std": 0.01929552034352472, "min": 0.3594298753664583, "25%": 0.4088670610696425, "50%": 0.4216212361856825, "75%": 0.43635066730253613, "max": 0.4886774172644929}, "Training recall score": {"count": 1000.0, "mean": 0.40380070448946853, "std": 0.016262392923901005, "min": 0.35122400602480414, "25%": 0.3925579489827545, "50%": 0.40394159542709107, "75%": 0.4148857920156187, "max": 0.47378509852077755}, "Training F1 score": {"count": 1000.0, "mean": 0.39455339344492785, "std": 0.0177858775243682, "min": 0.332816646487471, "25%": 0.38184672056190627, "50%": 0.3942413136846833, "75%": 0.4067273875214846, "max": 0.47366518641502847}, "Validation accuracy score": {"count": 1000.0, "mean": 0.37960112359550563, "std": 0.03434998122545124, "min": 0.2808988764044944, "25%": 0.3539325842696629, "50%": 0.38202247191011235, "75%": 0.4044943820224719, "max": 0.5168539325842697}, "Validation precision score": {"count": 1000.0, "mean": 0.3798474600087211, "std": 0.04200374952281715, "min": 0.2551921343249943, "25%": 0.35233213206231107, "50%": 0.37939423161417546, "75%": 0.4085076070573846, "max": 0.5160606060606061}, "Validation recall score": {"count": 1000.0, "mean": 0.36826072152524025, "std": 0.032646020033537455, "min": 0.2622288403309657, "25%": 0.3454093972439603, "50%": 0.36869208997566755, "75%": 0.3904427460639428, "max": 0.4872276807803774}, "Validation F1 score": {"count": 1000.0, "mean": 0.3514576008791614, "std": 0.03478501701109302, "min": 0.24360438017536806, "25%": 0.32694754149016025, "50%": 0.35084557312490405, "75%": 0.37499919133970705, "max": 0.4697920656074908}, "Test accuracy score:": {"count": 1000.0, "mean": 0.38046629213483146, "std": 0.03359439188198862, "min": 0.2808988764044944, "25%": 0.3539325842696629, "50%": 0.38202247191011235, "75%": 0.4044943820224719, "max": 0.4943820224719101}, "Test precision score": {"count": 1000.0, "mean": 0.37997387021310347, "std": 0.0413946806077436, "min": 0.2597457627118644, "25%": 0.3521133803558269, "50%": 0.37903736883854267, "75%": 0.40520114232536464, "max": 0.5242712312197606}, "Test recall score score": {"count": 1000.0, "mean": 0.36871273166959334, "std": 0.03242733872442643, "min": 0.26451597051597053, "25%": 0.34771272325385894, "50%": 0.3683234110975011, "75%": 0.39018311605964046, "max": 0.47999304430042555}, "Test F1 score": {"count": 1000.0, "mean": 0.35199863493170325, "std": 0.03408896120607762, "min": 0.25040025197257904, "25%": 0.3296367123019696, "50%": 0.35258027953831506, "75%": 0.37477175943734575, "max": 0.4696534509781157}}