{"Training time": 56.97897791862488, "Inference latency": 0.00018899968226340294, "Training RMSE": 91.10997009277344, "Training R2 score": 0.4776158332824707, "Validation RMSE": 116.37378692626953, "Validation R2 score": 0.21039533615112305, "Test RMSE": 109.17491149902344, "Test R2 score": 0.24834710359573364}