{"Training time": 11.402084112167358, "Inference latency": 0.0001225929569315027, "Training RMSE": 127.09259796142578, "Training R2 score": -0.0164797306060791, "Validation RMSE": 132.48736572265625, "Validation R2 score": -0.02340686321258545, "Test RMSE": 126.92146301269531, "Test R2 score": -0.01587855815887451}