{"Training time": 66.52387404441833, "Inference latency": 0.0002199604803996163, "Training RMSE": 89.38059997558594, "Training R2 score": 0.49725842475891113, "Validation RMSE": 108.94268798828125, "Validation R2 score": 0.3080167770385742, "Test RMSE": 108.46403503417969, "Test R2 score": 0.25810378789901733}