{"Training time": 69.7655279636383, "Inference latency": 0.00023659345523715887, "Training RMSE": 82.57207489013672, "Training R2 score": 0.5709335207939148, "Validation RMSE": 108.86457061767578, "Validation R2 score": 0.3090088367462158, "Test RMSE": 114.13731384277344, "Test R2 score": 0.1784633994102478}