{"Training time": 52.90879702568054, "Inference latency": 0.00015935803880239363, "Training RMSE": 126.05945587158203, "Training R2 score": -2.09808349609375e-05, "Validation RMSE": 131.0384521484375, "Validation R2 score": -0.0011447668075561523, "Test RMSE": 125.9259033203125, "Test R2 score": -4.172325134277344e-06}