{"Training time": 11.205342054367065, "Inference latency": 0.0001238017340331332, "Training RMSE": 103.86726379394531, "Training R2 score": 0.3210846781730652, "Validation RMSE": 108.85147857666016, "Validation R2 score": 0.30917495489120483, "Test RMSE": 102.24771881103516, "Test R2 score": 0.3407062888145447}