{"Training time": 10.167219877243042, "Inference latency": 9.916574187428156e-05, "Training RMSE": 104.01409149169922, "Training R2 score": 0.3191639184951782, "Validation RMSE": 107.46834564208984, "Validation R2 score": 0.32661956548690796, "Test RMSE": 100.06415557861328, "Test R2 score": 0.3685649633407593}