{"Validation RMSE mean": 100.15291457936004, "Validation RMSE variance": 137.42900568031132, "Validation RMSE min": 71.80322356973468, "Validation RMSE max": 127.96742028599888}