{"Training RMSE": {"count": 1000.0, "mean": 82.18678361182742, "std": 3.8888008665128693, "min": 68.77520115351504, "25%": 79.65191701923305, "50%": 82.33435150315816, "75%": 85.05055375417774, "max": 93.23233263678281}, "Training R2 score": {"count": 1000.0, "mean": 0.5781107128416658, "std": 0.03676732376951496, "min": 0.45929574593898936, "25%": 0.5548030846514348, "50%": 0.5789519236848877, "75%": 0.6039054708036339, "max": 0.6862082568417234}, "Validation RMSE": {"count": 1000.0, "mean": 100.62007600555783, "std": 11.654319635368028, "min": 67.27340454783999, "25%": 92.39621745218167, "50%": 100.25350841597373, "75%": 108.44167476849329, "max": 147.47390349115986}, "Validation R2 score": {"count": 1000.0, "mean": 0.33816458563002083, "std": 0.12065307817195976, "min": -0.26780440455862986, "25%": 0.27834469864965883, "50%": 0.3576350975735528, "75%": 0.41952819668722163, "max": 0.6138149499675088}, "Test RMSE": {"count": 1000.0, "mean": 101.8838624911867, "std": 11.341308419710446, "min": 72.16217146615442, "25%": 94.208701505498, "50%": 101.37576071331358, "75%": 108.52276786686184, "max": 150.1359918597071}, "Test R2 score": {"count": 1000.0, "mean": 0.3338747380861926, "std": 0.12004368566295921, "min": -0.28308039398732077, "25%": 0.2696315036056076, "50%": 0.3545523797658921, "75%": 0.4179863156504598, "max": 0.5927923364559774}}