{"Training time": 102.10338401794434, "Inference latency": 0.0002885133914088416, "Training RMSE": 96.62887573242188, "Training R2 score": 0.4124131202697754, "Validation RMSE": 105.81793975830078, "Validation R2 score": 0.34714311361312866, "Test RMSE": 100.88717651367188, "Test R2 score": 0.35813528299331665}