{"Training time": 47.0144100189209, "Inference latency": 0.00011119457828023013, "Training RMSE": 95.54729461669922, "Training R2 score": 0.4254932999610901, "Validation RMSE": 107.02961730957031, "Validation R2 score": 0.3321062922477722, "Test RMSE": 103.04969024658203, "Test R2 score": 0.33032357692718506}