{"Training time": 11.840842008590698, "Inference latency": 0.00013831652637220774, "Training RMSE": 127.08385467529297, "Training R2 score": -0.016339898109436035, "Validation RMSE": 132.4769744873047, "Validation R2 score": -0.023246288299560547, "Test RMSE": 126.91290283203125, "Test R2 score": -0.015741467475891113}