{"Training time": 12.302649736404419, "Inference latency": 0.00013457160135280007, "Training RMSE": 99.10838317871094, "Training R2 score": 0.3818711042404175, "Validation RMSE": 112.7708740234375, "Validation R2 score": 0.25853055715560913, "Test RMSE": 112.13299560546875, "Test R2 score": 0.20706337690353394}