{"Training time": 10.39444088935852, "Inference latency": 8.244973811668547e-05, "Training RMSE": 102.2580795288086, "Training R2 score": 0.3419581651687622, "Validation RMSE": 107.29771423339844, "Validation R2 score": 0.3287562131881714, "Test RMSE": 99.82628631591797, "Test R2 score": 0.3715634346008301}