{"Training time": 11.351340055465698, "Inference latency": 0.00011819465207917732, "Training RMSE": 194.42938232421875, "Training R2 score": -1.378932237625122, "Validation RMSE": 200.54776000976562, "Validation R2 score": -1.3449575901031494, "Test RMSE": 194.10403442382812, "Test R2 score": -1.3759689331054688}