{"Training time": 11.345909118652344, "Inference latency": 0.00010395493687387887, "Training RMSE": 104.14628601074219, "Training R2 score": 0.3174322247505188, "Validation RMSE": 110.47882843017578, "Validation R2 score": 0.2883646488189697, "Test RMSE": 100.63601684570312, "Test R2 score": 0.36132705211639404}