{"Training time": 10.552507162094116, "Inference latency": 0.00011456768397252428, "Training RMSE": 127.07954406738281, "Training R2 score": -0.016270995140075684, "Validation RMSE": 132.4718475341797, "Validation R2 score": -0.023167014122009277, "Test RMSE": 126.90865325927734, "Test R2 score": -0.015673398971557617}