{"Training time": 11.136591911315918, "Inference latency": 0.0001200876726723807, "Training RMSE": 97.01634216308594, "Training R2 score": 0.40769147872924805, "Validation RMSE": 110.14103698730469, "Validation R2 score": 0.2927096486091614, "Test RMSE": 104.03197479248047, "Test R2 score": 0.3174958825111389}