{"Training time": 11.053704023361206, "Inference latency": 0.00013407748564016426, "Training RMSE": 104.45309448242188, "Training R2 score": 0.3134046196937561, "Validation RMSE": 109.37872314453125, "Validation R2 score": 0.3024664521217346, "Test RMSE": 100.37349700927734, "Test R2 score": 0.3646547794342041}