{"Training time": 10.887250185012817, "Inference latency": 0.00010550208920427245, "Training RMSE": 127.07491302490234, "Training R2 score": -0.01619696617126465, "Validation RMSE": 132.46633911132812, "Validation R2 score": -0.02308201789855957, "Test RMSE": 126.90410614013672, "Test R2 score": -0.01560068130493164}