{"Training time": 10.490936040878296, "Inference latency": 0.0001014460228447222, "Training RMSE": 102.9612045288086, "Training R2 score": 0.3328776955604553, "Validation RMSE": 106.37853240966797, "Validation R2 score": 0.34020745754241943, "Test RMSE": 99.82421875, "Test R2 score": 0.37158942222595215}