{"Training time": 10.090828895568848, "Inference latency": 8.141969004247997e-05, "Training RMSE": 105.66683959960938, "Training R2 score": 0.29735541343688965, "Validation RMSE": 112.84175872802734, "Validation R2 score": 0.2575981020927429, "Test RMSE": 103.0417709350586, "Test R2 score": 0.33042651414871216}