{"Training time": 10.265381813049316, "Inference latency": 9.651344131540382e-05, "Training RMSE": 105.61115264892578, "Training R2 score": 0.2980959415435791, "Validation RMSE": 112.75299072265625, "Validation R2 score": 0.25876569747924805, "Test RMSE": 102.84991455078125, "Test R2 score": 0.33291757106781006}