{"Training time": 60.946073055267334, "Inference latency": 0.0001990504239646969, "Training RMSE": 86.813720703125, "Training R2 score": 0.5257197618484497, "Validation RMSE": 108.61680603027344, "Validation R2 score": 0.3121504783630371, "Test RMSE": 100.83214569091797, "Test R2 score": 0.35883522033691406}