{"Training time": 10.541224956512451, "Inference latency": 0.00010758445218757336, "Training RMSE": 126.05899810791016, "Training R2 score": -1.3709068298339844e-05, "Validation RMSE": 131.03466796875, "Validation R2 score": -0.0010870695114135742, "Test RMSE": 125.92572784423828, "Test R2 score": -1.3113021850585938e-06}