{"Training time": 11.857772827148438, "Inference latency": 0.00015379961824145375, "Training RMSE": 149.7096405029297, "Training R2 score": -0.41045045852661133, "Validation RMSE": 156.16290283203125, "Validation R2 score": -0.4218543767929077, "Test RMSE": 136.59909057617188, "Test R2 score": -0.1767040491104126}