{"Training time": 11.87242078781128, "Inference latency": 0.0001306007390687953, "Training RMSE": 126.05824279785156, "Training R2 score": -1.6689300537109375e-06, "Validation RMSE": 131.0157470703125, "Validation R2 score": -0.0007979869842529297, "Test RMSE": 125.92652130126953, "Test R2 score": -1.3947486877441406e-05}