{"Training time": 11.184966325759888, "Inference latency": 0.00010726734613760923, "Training RMSE": 127.0762710571289, "Training R2 score": -0.01621866226196289, "Validation RMSE": 132.46795654296875, "Validation R2 score": -0.023106932640075684, "Test RMSE": 126.90544128417969, "Test R2 score": -0.01562201976776123}