{"Training time": 11.182960987091064, "Inference latency": 0.0001369973066185955, "Training RMSE": 100.25667572021484, "Training R2 score": 0.367464542388916, "Validation RMSE": 106.95161437988281, "Validation R2 score": 0.33307945728302, "Test RMSE": 99.30331420898438, "Test R2 score": 0.3781306743621826}