{"Training time": 11.324429035186768, "Inference latency": 0.00012184068178519225, "Training RMSE": 104.79564666748047, "Training R2 score": 0.3088938593864441, "Validation RMSE": 109.72500610351562, "Validation R2 score": 0.29804283380508423, "Test RMSE": 100.91637420654297, "Test R2 score": 0.3577635884284973}