{"Training time": 11.262908935546875, "Inference latency": 0.00012454070002265114, "Training RMSE": 194.3016357421875, "Training R2 score": -1.3758068084716797, "Validation RMSE": 200.42066955566406, "Validation R2 score": -1.3419864177703857, "Test RMSE": 193.97657775878906, "Test R2 score": -1.372849702835083}